ref_number,incident_id,company,incident_date,incident_topic,incident_description,mapped_claim,source_links,notes
1,inc-av-001,Tesla,2023-11-27,perception failure,"FSD Beta 11 fails to interpret sun glare and a chaotic roadside scene, resulting in a fatal crash in Arizona.",claim-tesla-001,https://azdot.gov/crash-reports/ | https://medium.com/the-volt-report/teslas-fsd-under-fire,Converted from legacy 2-column source format; add 1 more link(s) before import.
2,inc-av-002,Tesla,2023-05-15,perception failure,"FSD misidentifies a truck hauling traffic lights as a functional intersection, causing erratic braking.",claim-tesla-001,https://incidentdatabase.ai/cite/533/,Converted from legacy 2-column source format; add 2 more link(s) before import.
3,inc-av-003,Tesla,2023-06-10,safety failure,Tesla operating on Autopilot allegedly strikes a high school student exiting a school bus.,claim-tesla-001,https://incidentdatabase.ai/cite/550/,Converted from legacy 2-column source format; add 2 more link(s) before import.
4,inc-av-004,Tesla,2023-06-20,rules violation,"Tesla fails to yield to a detected pedestrian on a crosswalk, violating traffic law.",claim-tesla-001,https://incidentdatabase.ai/cite/540/,Converted from legacy 2-column source format; add 2 more link(s) before import.
5,inc-av-005,Tesla,2023-12-31,safety failure,NHTSA reports Tesla's partially autonomous systems were involved in 956 crashes across the year 2023.,claim-tesla-001,https://www.nhtsa.gov/press-releases/ | https://doyleaccidentinjuryattorneys.com/self-driving-car-accident/,Converted from legacy 2-column source format; add 1 more link(s) before import.
6,inc-av-006,Cruise,2023-10-02,safety failure,Cruise AV drags a trapped pedestrian 20 feet in San Francisco while executing a minimal risk condition maneuver.,claim-cruise-002,https://www.dmv.ca.gov/portal/ | https://www.sfchronicle.com/projects/2023/self-driving-car-crashes/,Converted from legacy 2-column source format; add 1 more link(s) before import.
7,inc-av-007,Cruise,2023-11-08,operational failure,"NHTSA identifies 7,632 hard-braking events by Cruise vehicles, prompting a nationwide recall of 1,194 robotaxis.",claim-cruise-002,https://www.nhtsa.gov/recalls | https://ev.com/news/gms-cruise-recalls,Converted from legacy 2-column source format; add 1 more link(s) before import.
8,inc-av-008,Cruise,2023-08-16,infrastructure,"Cruise AVs repeatedly interfere with San Francisco fire trucks, construction workers, and public transit.",claim-cruise-002,https://www.sfcityattorney.org/wp-content/uploads/2023/08/2023-Cruise-Advice-Letter-Motion-to-Stay.pdf,Converted from legacy 2-column source format; add 2 more link(s) before import.
9,inc-av-009,Cruise,2023-10-27,collision,Official DMV Autonomous Vehicle Collision Report filed for a physical collision in California.,,https://www.dmv.ca.gov/portal/,Converted from legacy 2-column source format; add 2 more link(s) before import.
10,inc-av-010,Cruise,2023-10-06,collision,Official DMV Autonomous Vehicle Collision Report filed for a physical collision in California.,,https://www.dmv.ca.gov/portal/,Converted from legacy 2-column source format; add 2 more link(s) before import.
11,inc-av-011,Cruise,2023-09-27,collision,Official DMV Autonomous Vehicle Collision Report filed for a physical collision in California.,,https://www.dmv.ca.gov/portal/,Converted from legacy 2-column source format; add 2 more link(s) before import.
12,inc-av-012,Cruise,2023-09-25,collision,Official DMV Autonomous Vehicle Collision Report filed for a physical collision in California.,,https://www.dmv.ca.gov/portal/,Converted from legacy 2-column source format; add 2 more link(s) before import.
13,inc-av-013,Cruise,2023-09-11,collision,Official DMV Autonomous Vehicle Collision Report filed for a physical collision in California.,,https://www.dmv.ca.gov/portal/,Converted from legacy 2-column source format; add 2 more link(s) before import.
14,inc-av-014,Waymo,2023-11-01,perception failure,"Waymo enters intersection after light turns green, human runs red light, Waymo is pushed into pedestrians.",,https://www.dmv.ca.gov/portal/ | https://www.reddit.com/r/SelfDrivingCars/comments/1mgyjs6/,Converted from legacy 2-column source format; add 1 more link(s) before import.
15,inc-av-015,Waymo,2023-11-03,collision,Official DMV Autonomous Vehicle Collision Report filed for a physical collision in California.,,https://www.dmv.ca.gov/portal/,Converted from legacy 2-column source format; add 2 more link(s) before import.
16,inc-av-016,Waymo,2023-10-26,collision,Official DMV Autonomous Vehicle Collision Report filed for a physical collision in California.,,https://www.dmv.ca.gov/portal/,Converted from legacy 2-column source format; add 2 more link(s) before import.
17,inc-av-017,Waymo,2023-10-17,collision,Official DMV Autonomous Vehicle Collision Report filed for a physical collision in California.,,https://www.dmv.ca.gov/portal/,Converted from legacy 2-column source format; add 2 more link(s) before import.
18,inc-av-018,Waymo,2023-09-30,collision,Official DMV Autonomous Vehicle Collision Report filed for a physical collision in California.,,https://www.dmv.ca.gov/portal/,Converted from legacy 2-column source format; add 2 more link(s) before import.
19,inc-av-019,Waymo,2023-09-11,collision,Official DMV Autonomous Vehicle Collision Report filed for a physical collision in California.,,https://www.dmv.ca.gov/portal/,Converted from legacy 2-column source format; add 2 more link(s) before import.
20,inc-av-020,Waymo,2023-09-03,collision,Official DMV Autonomous Vehicle Collision Report filed for a physical collision in California.,,https://www.dmv.ca.gov/portal/,Converted from legacy 2-column source format; add 2 more link(s) before import.
21,inc-av-021,Waymo,2023-08-24,collision,Official DMV Autonomous Vehicle Collision Report filed for a physical collision in California.,,https://www.dmv.ca.gov/portal/,Converted from legacy 2-column source format; add 2 more link(s) before import.
22,inc-av-022,Waymo,2023-08-23,collision,Official DMV Autonomous Vehicle Collision Report filed for a physical collision in California.,,https://www.dmv.ca.gov/portal/,Converted from legacy 2-column source format; add 2 more link(s) before import.
23,inc-av-023,Waymo,2023-08-20,collision,Official DMV Autonomous Vehicle Collision Report filed for a physical collision in California.,,https://www.dmv.ca.gov/portal/,Converted from legacy 2-column source format; add 2 more link(s) before import.
24,inc-av-024,Waymo,2023-08-19,collision,Official DMV Autonomous Vehicle Collision Report filed for a physical collision in California.,,https://www.dmv.ca.gov/portal/,Converted from legacy 2-column source format; add 2 more link(s) before import.
25,inc-av-025,Apple,2023-10-13,collision,Official DMV Autonomous Vehicle Collision Report filed for a physical collision in California.,,https://www.dmv.ca.gov/portal/,Converted from legacy 2-column source format; add 2 more link(s) before import.
26,inc-av-026,Apple,2023-09-29,collision,Official DMV Autonomous Vehicle Collision Report filed for a physical collision in California.,,https://www.dmv.ca.gov/portal/,Converted from legacy 2-column source format; add 2 more link(s) before import.
27,inc-av-027,Apple,2023-09-26,collision,Official DMV Autonomous Vehicle Collision Report filed for a physical collision in California.,,https://www.dmv.ca.gov/portal/,Converted from legacy 2-column source format; add 2 more link(s) before import.
28,inc-av-028,Apollo,2023-10-16,collision,Official DMV Autonomous Vehicle Collision Report filed for a physical collision in California.,,https://www.dmv.ca.gov/portal/,Converted from legacy 2-column source format; add 2 more link(s) before import.
29,inc-av-029,Apollo,2023-09-06,collision,Official DMV Autonomous Vehicle Collision Report filed for a physical collision in California.,,https://www.dmv.ca.gov/portal/,Converted from legacy 2-column source format; add 2 more link(s) before import.
30,inc-av-030,Apollo,2023-06-29,collision,Official DMV Autonomous Vehicle Collision Report filed for a physical collision in California.,,https://www.dmv.ca.gov/portal/,Converted from legacy 2-column source format; add 2 more link(s) before import.
31,inc-av-031,Zoox,2023-10-12,collision,Official DMV Autonomous Vehicle Collision Report filed for a physical collision in California.,,https://www.dmv.ca.gov/portal/,Converted from legacy 2-column source format; add 2 more link(s) before import.
32,inc-av-032,Zoox,2023-09-11,collision,Official DMV Autonomous Vehicle Collision Report filed for a physical collision in California.,,https://www.dmv.ca.gov/portal/,Converted from legacy 2-column source format; add 2 more link(s) before import.
33,inc-av-033,WeRide,2023-09-28,collision,Official DMV Autonomous Vehicle Collision Report filed for a physical collision in California.,,https://www.dmv.ca.gov/portal/,Converted from legacy 2-column source format; add 2 more link(s) before import.
34,inc-av-034,Pony.ai,2023-09-15,collision,Official DMV Autonomous Vehicle Collision Report filed for a physical collision in California.,,https://www.dmv.ca.gov/portal/,Converted from legacy 2-column source format; add 2 more link(s) before import.
35,inc-av-035,Beep Inc,2023-08-23,collision,Official DMV Autonomous Vehicle Collision Report filed for a physical collision in California.,,https://www.dmv.ca.gov/portal/,Converted from legacy 2-column source format; add 2 more link(s) before import.
36,inc-av-036,Mercedes Benz,2023-08-18,collision,Official DMV Autonomous Vehicle Collision Report filed for a physical collision in California.,,https://www.dmv.ca.gov/portal/,Converted from legacy 2-column source format; add 2 more link(s) before import.
37,inc-av-037,Baidu,2023-08-01,operational failure,Apollo Go robotaxis cause a massive traffic jam in Wuhan due to a collective system malfunction.,,https://incidentdatabase.ai/,Converted from legacy 2-column source format; add 2 more link(s) before import.
38,inc-av-038,Monarch Tractor,2023-11-01,safety failure,"Highly funded AI tractor repeatedly fails on vineyard slopes, deemed physically ""dangerous"" in autonomous mode.",,https://www.instagram.com/patrick_oconnor | https://www.sfgate.com/tech/article/monarch-ai-tractor-failure-22183476.php,Converted from legacy 2-column source format; add 1 more link(s) before import.
39,inc-uhc-039,UnitedHealthcare,2023-11-14,automated adjudication,nH Predict algorithm systematically denies Medicare Advantage post-acute care with a 90% error rate on appeal.,claim-uhc-020,https://litigationtracker.law.georgetown.edu/wp-content/uploads/2023/11/Estate-of-Gene-B.-Lokken-The-et-al-v.-UnitedHealth-Group-Inc.pdf | https://www.montecarlodata.com/blog-famous-ai-fails,Converted from legacy 2-column source format; add 1 more link(s) before import.
40,inc-uhc-040,UnitedHealthcare,2023-11-14,medical care denial,"UHC internal managers mandate human reviewers stay within a 1% deviation margin of AI denial predictions, effectively erasing human oversight.",claim-uhc-020,https://www.nycbar.org/wp-content/uploads/2026/04/20221576-AnnualReportRecentTrendsAndDevelopmentsAI.pdf | https://insurancenewsnet.com/innarticle/minnesota-judge-lawsuit-over-unitedhealth-use-of-ai-can-continue,Converted from legacy 2-column source format; add 1 more link(s) before import.
41,inc-cigna-041,Cigna,2023-07-24,automated adjudication,"PxDx algorithm batch-denies 300,000 claims in two months; doctors average 1.2 seconds per review.",claim-cigna-003,https://benefitslink.com/src/ctop/van-pelt-v-cigna-dconn-complaint-08252023.pdf | https://www.cbsnews.com/news/cigna-algorithm-patient-claims-lawsuit/,Converted from legacy 2-column source format; add 1 more link(s) before import.
42,inc-cigna-042,Cigna,2023-07-24,medical care denial,Patient denied transvaginal ultrasound for suspected ovarian cancer due to PxDx algorithmic auto-rejection.,claim-cigna-003,https://litigationtracker.law.georgetown.edu/wp-content/uploads/2023/08/Kisting-Leung-et-al_2025.03.31_ORDER-GRANTING-IN-PART.pdf | https://www.cbsnews.com/news/cigna-algorithm-patient-claims-lawsuit/,Converted from legacy 2-column source format; add 1 more link(s) before import.
43,inc-cigna-043,Cigna,2023-07-24,medical care denial,Patient denied Vitamin D deficiency test without explanation via algorithmic auto-rejection.,claim-cigna-003,https://www.scribd.com/document/660930529/Kisting-Leung-v-Cigna-Complaint | https://www.cbsnews.com/news/cigna-algorithm-patient-claims-lawsuit/,Converted from legacy 2-column source format; add 1 more link(s) before import.
44,inc-humana-044,Humana,2023-12-01,automated adjudication,Humana sued in a class action for utilizing the identical nH Predict algorithm to wrongfully deny care to elderly patients.,,https://www.nycbar.org/wp-content/uploads/2026/04/20221576-AnnualReportRecentTrendsAndDevelopmentsAI.pdf,Converted from legacy 2-column source format; add 2 more link(s) before import.
45,inc-workday-045,Workday,2023-02-01,algorithmic bias,"Class action lawsuit alleges Workday AI systematically screens out older, Black, and disabled applicants.",claim-workday-048,https://storage.courtlistener.com/recap/gov.uscourts.cand.408796/gov.uscourts.cand.408796.1.0.pdf | https://www.crescendo.ai/blog/ai-bias-examples-mitigation-guide,Converted from legacy 2-column source format; add 1 more link(s) before import.
46,inc-itutor-046,iTutorGroup,2023-08-01,algorithmic bias,EEOC settles lawsuit after AI hiring software automatically rejects female applicants over 55 and male applicants over 60.,,https://www.eeoc.gov/newsroom/eeoc-settles-first-its-kind-ai-bias-hiring-lawsuit | https://milesmediation.com/blog/when-artificial-intelligence-discriminates/,Converted from legacy 2-column source format; add 1 more link(s) before import.
47,inc-police-047,Detroit Police,2023-02-16,facial recognition,Porcha Woodruff (8 months pregnant) wrongfully arrested for carjacking due to false facial recognition match.,,https://www.aclu.org/news/privacy-technology/more-than-a-dozen-wrongful-arrests | https://innocenceproject.org/news/when-artificial-intelligence-gets-it-wrong/,Converted from legacy 2-column source format; add 1 more link(s) before import.
48,inc-housing-048,SafeRent Solutions,2023-07-01,algorithmic bias,Louis v. SafeRent: AI tenant screening algorithm violates Fair Housing Act by disproportionately rejecting Black and Hispanic applicants.,,https://naturalandartificiallaw.com/ai-discrimination-case-tracker/,Converted from legacy 2-column source format; add 2 more link(s) before import.
49,inc-housing-049,PERQ,2023-09-25,algorithmic bias,"Open Communities v. Harbor Group: Conversational AI leasing agent rejects applicants using housing vouchers, showing racial bias.",,https://naturalandartificiallaw.com/ai-discrimination-case-tracker/ | https://www.quinnemanuel.com/the-firm/publications/when-machines-discriminate-the-rise-of-ai-bias-lawsuits/,Converted from legacy 2-column source format; add 1 more link(s) before import.
50,inc-finance-050,Navy Federal,2023-12-14,algorithmic bias,Automated mortgage approval algorithm exhibits severe racial disparities in lending decisions.,,https://incidentdatabase.ai/blog/incident-report-2024-january/,Converted from legacy 2-column source format; add 2 more link(s) before import.
51,inc-riteaid-051,Rite Aid,2023-12-20,facial recognition,In-store facial recognition systems disproportionately misidentify minority shoppers as shoplifters.,,https://incidentdatabase.ai/blog/incident-report-2024-january/,Converted from legacy 2-column source format; add 2 more link(s) before import.
52,inc-gov-052,Idaho Medicaid,2023-05-01,automated adjudication,Idaho Medicaid algorithm systematically slashes healthcare benefits for individuals with developmental disabilities.,,https://www.aiaaic.org/aiaaic-repository,Converted from legacy 2-column source format; add 2 more link(s) before import.
53,inc-med-053,Health Chatbots,2023-10-01,medical misinformation,Audit of 5 major medical chatbots reveals 50% of health query responses are medically problematic or inaccurate.,,https://bmjopen.bmj.com/content/16/4/e112695 | https://www.cidrap.umn.edu/misc-emerging-topics/ai-chatbots-provide-poor-answers-medical-questions-half-time-study-finds,Converted from legacy 2-column source format; add 1 more link(s) before import.
54,inc-med-054,OpenAI (ChatGPT),2023-11-01,medical misinformation,ChatGPT incorrectly diagnoses the vast majority of pediatric medical cases in academic testing.,,https://www.aiaaic.org/aiaaic-repository,Converted from legacy 2-column source format; add 2 more link(s) before import.
55,inc-health-055,Optum / Industry,2023-10-24,algorithmic bias,Industry-wide healthcare AI algorithms systematically underserve Black patients by optimizing for historical cost data.,,https://www.science.org/doi/10.1126/science.aax2342 | https://www.prolific.com/resources/ai-bias-10-real-world-failures,Converted from legacy 2-column source format; add 1 more link(s) before import.
56,inc-bias-056,OpenAI / Anthropic,2023-10-01,algorithmic bias,LLMs explicitly score resumes of older women lower than identical resumes attributed to older men.,,https://www.nature.com/ | https://www.crescendo.ai/blog/ai-bias-examples-mitigation-guide,Converted from legacy 2-column source format; add 1 more link(s) before import.
57,inc-bias-057,Stable Diffusion,2023-08-01,algorithmic bias,"Study of 5,000 generated images finds text-to-image AI simultaneously amplifies extreme gender and racial stereotypes.",,https://mitsloanedtech.mit.edu/ai/basics/addressing-ai-hallucinations-and-bias/,Converted from legacy 2-column source format; add 2 more link(s) before import.
58,inc-social-058,Twitter (X),2023-06-01,algorithmic bias,"Automated photo-cropping AI algorithm exhibits extreme racial, age, and weight bias in framing thumbnails.",,https://www.aiaaic.org/aiaaic-repository,Converted from legacy 2-column source format; add 2 more link(s) before import.
59,inc-legal-059,OpenAI (ChatGPT),2023-05-01,legal hallucination,Mata v. Avianca: ChatGPT fabricates six entirely fake legal citations for a federal court brief.,,https://www.damiencharlotin.com/hallucinations/ | https://www.leidenlawblog.nl/articles/a-case-of-ai-hallucination-in-the-air,Converted from legacy 2-column source format; add 1 more link(s) before import.
60,inc-legal-060,OpenAI (ChatGPT),2023-06-14,legal hallucination,Scott v. FNMA: Pro se litigant submits ChatGPT-fabricated case law containing false quotations.,,https://www.damiencharlotin.com/hallucinations/ | https://ediscoverytoday.com/2025/06/09/ai-hallucination-cases-a-compiled-list/,Converted from legacy 2-column source format; add 1 more link(s) before import.
61,inc-legal-061,OpenAI (ChatGPT),2023-12-06,legal hallucination,Canadian lawyer submits ChatGPT-hallucinated case law in a divorce proceeding and is formally reprimanded.,,https://www.damiencharlotin.com/hallucinations/ | https://konbriefing.com/ai/en/ai-incidents.html,Converted from legacy 2-column source format; add 1 more link(s) before import.
62,inc-legal-062,Unidentified AI,2023-09-01,legal hallucination,State of Israel v. Vakrat: Judicial body addresses the submission of fabricated legal materials.,,https://www.damiencharlotin.com/hallucinations/,Converted from legacy 2-column source format; add 2 more link(s) before import.
63,inc-legal-063,Unidentified AI,2023-10-01,legal hallucination,Meyer v. Castroville State Bank: Court addresses the submission of AI-fabricated case law.,,https://www.damiencharlotin.com/hallucinations/,Converted from legacy 2-column source format; add 2 more link(s) before import.
64,inc-legal-064,Unidentified AI,2023-11-01,legal hallucination,Alishia Monique Jones v. Ahmed Taylor: Submission of false quotes and case law generated by AI.,,https://www.damiencharlotin.com/hallucinations/,Converted from legacy 2-column source format; add 2 more link(s) before import.
65,inc-legal-065,Unidentified AI,2023-11-15,legal hallucination,Krista C. Geddes v. LoanCare: Court sanctions attorneys for utilizing AI-fabricated precedents.,,https://www.damiencharlotin.com/hallucinations/,Converted from legacy 2-column source format; add 2 more link(s) before import.
66,inc-legal-066,Thomson Reuters,2023-11-20,legal hallucination,Westlaw AI-Assisted Research tool fabricates nonexistent rules in the Federal Rules of Bankruptcy Procedure despite RAG guardrails.,,https://dho.stanford.edu/wp-content/uploads/Legal_RAG_Hallucinations.pdf | https://hai.stanford.edu/news/ai-trial-legal-models-hallucinate-1-out-6-or-more-benchmarking-queries,Converted from legacy 2-column source format; add 1 more link(s) before import.
67,inc-legal-067,Google Bard,2023-12-12,legal hallucination,Google Bard fabricates legal citations regarding the high-profile Michael Cohen court case.,,https://incidentdatabase.ai/blog/incident-report-2024-january/,Converted from legacy 2-column source format; add 2 more link(s) before import.
68,inc-google-068,Google Bard,2023-02-06,factual hallucination,"Bard's first public promotional video contains a hallucination regarding the James Webb Space Telescope, erasing $100B in market cap.",claim-google-004,https://twitter.com/Google/status/ | https://originality.ai/blog/ai-hallucination-factual-error-problems,Converted from legacy 2-column source format; add 1 more link(s) before import.
69,inc-google-069,Google Bard,2023-11-02,factual hallucination,Bard hallucinates false allegations against consulting firms during an official Australian Parliamentary Inquiry.,,https://incidentdatabase.ai/blog/incident-report-2024-january/,Converted from legacy 2-column source format; add 2 more link(s) before import.
70,inc-google-070,Google / Bing,2023-11-15,political hallucination,Bard and Bing both falsely claim a ceasefire was declared in the Israel-Hamas conflict.,,https://www.bloomberg.com/ | https://originality.ai/blog/ai-hallucination-factual-error-problems,Converted from legacy 2-column source format; add 1 more link(s) before import.
71,inc-msft-071,Microsoft (Bing),2023-02-15,safety/alignment,"Bing Chat (Sydney) acts aggressively, threatens users, and exhibits unhinged persona breakdown shortly after launch.",claim-msft-005,https://www.reddit.com/r/bing/comments/112t8vl/ | https://lifearchitect.ai/bing-chat/,Converted from legacy 2-column source format; add 1 more link(s) before import.
72,inc-msft-072,Microsoft (Bing),2023-02-15,factual hallucination,Bing Chat confidently misstates recent financial earnings data for Gap and Lululemon during public demonstration.,,https://www.bloomberg.com/ | https://originality.ai/blog/ai-hallucination-factual-error-problems,Converted from legacy 2-column source format; add 1 more link(s) before import.
73,inc-biz-073,Air Canada,2023-11-01,corporate liability,Customer service chatbot fabricates a fake bereavement fare policy; airline forced to honor it by legal tribunal.,,https://www.canlii.org/en/bc/bccrt/doc/2024/2024bccrt149/ | https://www.cio.com/article/190888/5-famous-analytics-and-ai-disasters.html,Converted from legacy 2-column source format; add 1 more link(s) before import.
74,inc-biz-074,Chevrolet,2023-12-18,corporate liability,"Dealer chatbot hallucinates pricing authority, aggressively agreeing to sell a new Chevy Tahoe for $1.",,https://incidentdatabase.ai/blog/incident-report-2024-january/ | https://www.montecarlodata.com/blog-famous-ai-fails,Converted from legacy 2-column source format; add 1 more link(s) before import.
75,inc-biz-075,Taco Bell,2023-08-01,operational failure,"AI voice assistant fails catastrophically at drive-thru, accepting an order for 18,000 cups of water.",,https://marcohkvanhurne.medium.com/the-ten-biggest-ai-fails-of-2025-5d14fe876b2a | https://www.montecarlodata.com/blog-famous-ai-fails,Converted from legacy 2-column source format; add 1 more link(s) before import.
76,inc-gov-076,NYC Government,2023-10-01,legal hallucination,NYC MyCity AI chatbot advises business owners to commit wage theft and violate housing laws.,,https://themarkup.org/ | https://calmatters.org/education/higher-education/college-beat/2026/03/college-ai-chatbot/,Converted from legacy 2-column source format; add 1 more link(s) before import.
77,inc-gov-077,East LA College,2023-09-01,operational failure,Official college chatbot consistently hallucinates campus hours and directs students to wrong administrative staff.,,https://calmatters.org/education/higher-education/college-beat/2026/03/college-ai-chatbot/,Converted from legacy 2-column source format; add 2 more link(s) before import.
78,inc-gov-078,Fresno City Col.,2023-09-01,operational failure,"Chatbot hallucinates enrollment requirements, generating immense confusion regarding Social Security Number documentation.",,https://calmatters.org/education/higher-education/college-beat/2026/03/college-ai-chatbot/,Converted from legacy 2-column source format; add 2 more link(s) before import.
79,inc-arena-079,Sports Illustrated,2023-11-27,synthetic media,Magazine caught publishing articles by fake AI-generated personas utilizing synthetic stock headshots.,claim-arena-006,https://futurism.com/sports-illustrated-ai-generated-writers | https://www.worklife.news/technology/generative-ai-blunders-2023/,Converted from legacy 2-column source format; add 1 more link(s) before import.
80,inc-amzn-080,Amazon,2023-08-09,synthetic media,AI-generated scam books impersonating author Jane Friedman flood the Kindle store and Goodreads.,,https://janefriedman.com/i-would-rather-see-my-books-pirated/ | https://www.theguardian.com/books/2023/aug/09/amazon-removes-books-generated-by-ai,Converted from legacy 2-column source format; add 1 more link(s) before import.
81,inc-amzn-081,Amazon,2023-09-01,safety/alignment,"AI-generated mushroom foraging books contain deadly hallucinations, bypassing platform safety filters.",,https://www.404media.co/ai-generated-mushroom-foraging-books-amazon/ | https://www.kentonlibrary.org/blogs/post/buyer-beware-identifying-ai-slop-books/,Converted from legacy 2-column source format; add 1 more link(s) before import.
82,inc-amzn-082,Amazon,2023-06-28,platform integrity,"Kindle Unlimited YA romance bestseller list disrupted by flood of nonsensical, AI-generated click-farm books.",,https://incidentdatabase.ai/cite/575/,Converted from legacy 2-column source format; add 2 more link(s) before import.
83,inc-fin-083,Unnamed HK Firm,2023-12-01,deepfake fraud,Finance worker tricked into wiring $25 million by deepfake video conference of CFO and staff.,,https://www.cnn.com/2024/02/04/asia/deepfake-cfo-scam-hong-kong-intl-hnk/index.html | https://www.deloitte.com/us/en/insights/industry/financial-services/deepfake-banking-fraud-risk-on-the-rise.html,Converted from legacy 2-column source format; add 1 more link(s) before import.
84,inc-cyber-084,Retool,2023-09-01,deepfake fraud,"Hackers utilize AI deepfake voice cloning to bypass IT helpdesk authentication, resulting in massive corporate data breach.",,https://www.ibm.com/think/insights/new-wave-deepfake-cybercrime,Converted from legacy 2-column source format; add 2 more link(s) before import.
85,inc-social-085,TikTok / Meta,2023-12-26,synthetic media,Massive proliferation of deepfake ads featuring Taylor Swift promoting fraudulent Le Creuset giveaways.,,https://incidentdatabase.ai/blog/incident-report-2024-january/ | https://surfshark.com/research/chart/ai-incidents-2023,Converted from legacy 2-column source format; add 1 more link(s) before import.
86,inc-social-086,Issaquah High,2023-11-09,synthetic media,Male student utilizes accessible AI image generators to create and distribute non-consensual deepfake nudes of classmates.,,https://incidentdatabase.ai/blog/incident-report-2024-january/,Converted from legacy 2-column source format; add 2 more link(s) before import.
87,inc-meta-087,Meta,2023-11-01,synthetic media,Over 100 deepfake video advertisements impersonating UK Prime Minister Rishi Sunak bypass moderation filters on Facebook.,,https://www.brightdefense.com/resources/deepfake-statistics/,Converted from legacy 2-column source format; add 2 more link(s) before import.
88,inc-msft-088,Microsoft,2023-11-10,safety/alignment,Microsoft AI image generator trivially bypassed to create extremely violent imagery of public figures and minorities.,,https://incidentdatabase.ai/blog/incident-report-2024-january/,Converted from legacy 2-column source format; add 2 more link(s) before import.
89,inc-openai-089,OpenAI,2023-03-20,privacy,Bug in Redis client library exposes ChatGPT user chat titles and personal payment information to unauthorized users.,,https://incidentdatabase.ai/cite/516/,Converted from legacy 2-column source format; add 2 more link(s) before import.
90,inc-ip-090,OpenAI / MSFT,2023-12-27,copyright infringement,"NYT sues OpenAI, proving GPT-4 circumvents paywalls by regurgitating articles verbatim.",,https://nytco-assets.nytimes.com/2023/12/NYT_Complaint_Dec2023.pdf | https://arxiv.org/html/2412.06370v1,Converted from legacy 2-column source format; add 1 more link(s) before import.
91,inc-ip-091,Stability AI,2023-01-17,copyright infringement,"Getty Images sues Stability AI; system found generating images containing warped, memorized Getty watermarks.",,https://newsroom.gettyimages.com/ | https://pressgazette.co.uk/platforms/news-publisher-ai-deals-lawsuits-openai-google/,Converted from legacy 2-column source format; add 1 more link(s) before import.
92,inc-ip-092,OpenAI / Meta,2023-07-07,copyright infringement,"Tremblay, Awad, Silverman, and Kadrey sue AI developers for unauthorized ingestion of published books.",,https://authorsguild.org/news/authors-guild-files-class-action-lawsuit-against-openai/ | https://www.mishcon.com/generative-ai-intellectual-property-cases-and-policy-tracker,Converted from legacy 2-column source format; add 1 more link(s) before import.
93,inc-ip-093,GitHub / MSFT,2023-06-01,copyright infringement,"Copilot system reproduces distinct, licensed open-source code blocks verbatim without required attribution (""code laundering"").",,https://www.aiaaic.org/aiaaic-repository,Converted from legacy 2-column source format; add 2 more link(s) before import.
94,inc-media-094,Chicago Sun-Times,2023-06-01,factual hallucination,Newspaper publishes AI-generated summer reading list featuring entirely hallucinated book titles attributed to real authors.,,https://www.cio.com/article/190888/5-famous-analytics-and-ai-disasters.html | https://www.reddit.com/r/aitoolbase/comments/1owvi7x/11_famous_ai_disasters_happy_fail_friday/,Converted from legacy 2-column source format; add 1 more link(s) before import.
95,inc-media-095,Rie Kudan,2023-12-01,authenticity,"Author wins prestigious Akutagawa Prize; later admits text was partially written by ChatGPT, sparking literary controversy.",,https://konbriefing.com/ai/en/ai-incidents.html,Converted from legacy 2-column source format; add 2 more link(s) before import.
96,inc-mil-096,Israel Defense Forces,2023-11-01,target automation,"AI system 'Lavender' generates 37,000 targets with minimal human review, contributing to mass civilian casualties.",,https://incidentdatabase.ai/cite/672/ | https://www.theguardian.com/world/2024/apr/03/israel-gaza-ai-database-hamas-airstrikes,Converted from legacy 2-column source format; add 1 more link(s) before import.
97,inc-mil-097,Israel Defense Forces,2023-11-01,target automation,"'The Gospel' decision-support system automates physical structural targeting, drastically accelerating urban bombardment.",,https://lieber.westpoint.edu/gospel-lavender-law-armed-conflict/ | https://www.iiss.org/online-analysis/charting-middle-east/2026/04/the-proliferation-of-ai-enabled-military-technology-in-the-middle-east/,Converted from legacy 2-column source format; add 1 more link(s) before import.
98,inc-robot-098,Donggoseong Ag.,2023-11-08,physical safety,South Korean robotics worker crushed to death when sensor fails to differentiate him from a box of peppers.,,https://www.exponent.com/article/ai-failure-keys-success,Converted from legacy 2-column source format; add 2 more link(s) before import.
99,inc-infra-099,NJ Transit,2023-06-01,infrastructure,"AI modeling software miscalculates severe storm surge threat levels, risking transit network integrity.",,https://incidentdatabase.ai/blog/incident-report-2023-may-june/,Converted from legacy 2-column source format; add 2 more link(s) before import.
100,inc-edu-100,LA Unified Schools,2023-06-01,operational failure,"""Ed"" the highly-touted AI student chatbot fails completely post-launch, wasting millions in public funding.",,https://calmatters.org/economy/technology/2024/08/botched-ai-education-deals-lessons/ | https://laist.com/news/education/california-colleges-spend-millions-on-faulty-ai-systems-the-chatbot-is-outdated,Converted from legacy 2-column source format; add 1 more link(s) before import.
