ref_number,incident_id,company,incident_date,incident_topic,incident_description,mapped_claim,source_links,legitimacy_flag,confidence_level,notes
1,inc-av-001,Cruise,2023-10-02,safety failure,"An autonomous vehicle dragged a pedestrian 20 feet after failing to classify the individual trapped beneath its chassis, resulting in severe injuries and regulatory suspension.",,"https://assets.ctfassets.net/95kuvdv8zn1v/1mb55pLYkkXVn0nXxEXz7w/9fb0e4938a89dc5cc09bf39e86ce5b9c/2024.01.24_Quinn_Emanuel_Report_re_Cruise.pdf | https://calmatters.org/economy/2023/10/driverless-cars-cruise-dmv/ | https://static.nhtsa.gov/odi/rcl/2023/RMISC-23E086-4326.pdf",ACCEPT,high,"Canonical AV failure of 2023 leading to sweeping permit suspensions."
2,inc-av-002,Waymo,2023-10-27,safety failure,"An autonomous vehicle struck and killed a domestic animal on a public street in San Francisco.",,"https://incidentdatabase.ai/blog/incident-report-2025-november-december-2026-january/ | https://www.reddit.com/r/SelfDrivingCars/comments/1mgyjs6/waymo_has_been_involved_in_a_total_of_5_accidents/ | https://waymo.com/safety/impact/",ACCEPT,high,"Reflects persistent challenges in small-object classification."
3,inc-av-003,Tesla,2023-05-15,safety failure,"An autonomous driving system misidentified a commercial truck hauling traffic lights as a functional trail of active traffic signals.",,"https://incidentdatabase.ai/blog/incident-report-2023-may-june/ | https://www.tesladeaths.com/ | https://www.tesla.com/fsd/safety",ACCEPT,high,"Date approximated to May 2023 reporting window. Edge case visual misclassification."
4,inc-av-004,Tesla,2023-06-05,safety failure,"A vehicle operating on Autopilot struck a high school student who was exiting a school bus.",,"https://incidentdatabase.ai/blog/incident-report-2023-may-june/ | https://en.wikipedia.org/wiki/List_of_Tesla_Autopilot_crashes | https://crashstats.nhtsa.dot.gov/Api/Public/ViewPublication/813762",ACCEPT,medium,"Date approximated to reporting window. Demonstrates failure to recognize vulnerable pedestrians."
5,inc-av-005,Tesla,2023-05-20,safety failure,"An automated driving system failed to yield to a detected pedestrian traversing a crosswalk, resulting in a traffic violation.",,"https://incidentdatabase.ai/blog/incident-report-2023-may-june/ | https://www.nhtsa.gov/vehicle-safety/automated-vehicles-safety | https://www.craftlawfirm.com/autonomous-vehicle-accidents-2019-2024-crash-data/",ACCEPT,medium,"Date approximated. Demonstrates failure in dynamic right-of-way adjudication."
6,inc-av-006,Mercedes Benz,2023-11-29,operational failure,"An autonomous testing vehicle was involved in a collision requiring formal documentation submission to the California Department of Motor Vehicles.",,"https://www.dmv.ca.gov/portal/vehicle-industry-services/autonomous-vehicles/autonomous-vehicle-collision-reports/ | https://safetrec.berkeley.edu/news/autonomous-vehicles-av-safety-dashboard-launched-visualize-av-crashes-and-mileage-data | https://incidentdatabase.ai/",ACCEPT,high,"Official DMV collision record."
7,inc-av-007,Nuro,2023-11-27,operational failure,"An autonomous delivery vehicle experienced a kinetic collision while operating on public infrastructure.",,"https://www.dmv.ca.gov/portal/vehicle-industry-services/autonomous-vehicles/autonomous-vehicle-collision-reports/ | https://safetrec.berkeley.edu/news/autonomous-vehicles-av-safety-dashboard-launched-visualize-av-crashes-and-mileage-data | https://incidentdatabase.ai/",ACCEPT,high,"Official DMV collision record."
8,inc-av-008,Waymo,2023-11-22,operational failure,"An autonomous robotaxi was involved in a reportable kinetic collision.",,"https://www.dmv.ca.gov/portal/vehicle-industry-services/autonomous-vehicles/autonomous-vehicle-collision-reports/ | https://www.damfirm.com/waymo-accident-statistics.html | https://incidentdatabase.ai/",ACCEPT,high,"Official DMV collision record."
9,inc-av-009,Waymo,2023-11-03,operational failure,"An automated testing vehicle was involved in a kinetic incident on public infrastructure.",,"https://www.dmv.ca.gov/portal/vehicle-industry-services/autonomous-vehicles/autonomous-vehicle-collision-reports/ | https://www.damfirm.com/waymo-accident-statistics.html | https://incidentdatabase.ai/",ACCEPT,high,"Official DMV collision record."
10,inc-av-010,Cruise,2023-10-27,operational failure,"An autonomous vehicle was involved in a physical collision necessitating mandatory disclosure to regulators.",,"https://www.dmv.ca.gov/portal/vehicle-industry-services/autonomous-vehicles/autonomous-vehicle-collision-reports/ | https://www.nhtsa.gov/laws-regulations/standing-general-order-crash-reporting | https://incidentdatabase.ai/",ACCEPT,high,"Official DMV collision record."
11,inc-av-011,Waymo,2023-10-26,operational failure,"A commercially operated autonomous taxi was involved in a traffic collision reported to state authorities.",,"https://www.dmv.ca.gov/portal/vehicle-industry-services/autonomous-vehicles/autonomous-vehicle-collision-reports/ | https://www.damfirm.com/waymo-accident-statistics.html | https://incidentdatabase.ai/",ACCEPT,high,"Official DMV collision record."
12,inc-av-012,Apple,2023-10-23,operational failure,"An autonomous testing unit operated by Apple was involved in a collision on public roadways.",,"https://www.dmv.ca.gov/portal/vehicle-industry-services/autonomous-vehicles/autonomous-vehicle-collision-reports/ | https://www.nhtsa.gov/laws-regulations/standing-general-order-crash-reporting | https://safetrec.berkeley.edu/news/autonomous-vehicles-av-safety-dashboard-launched-visualize-av-crashes-and-mileage-data",ACCEPT,high,"Official DMV collision record."
13,inc-av-013,Waymo,2023-10-17,operational failure,"An autonomous vehicle was involved in a physical collision necessitating mandatory disclosure to regulators.",,"https://www.dmv.ca.gov/portal/vehicle-industry-services/autonomous-vehicles/autonomous-vehicle-collision-reports/ | https://www.damfirm.com/waymo-accident-statistics.html | https://incidentdatabase.ai/",ACCEPT,high,"Official DMV collision record."
14,inc-av-014,Apollo,2023-10-16,operational failure,"An autonomous driving system testing vehicle was involved in a physical collision.",,"https://www.dmv.ca.gov/portal/vehicle-industry-services/autonomous-vehicles/autonomous-vehicle-collision-reports/ | https://www.nhtsa.gov/laws-regulations/standing-general-order-crash-reporting | https://safetrec.berkeley.edu/news/autonomous-vehicles-av-safety-dashboard-launched-visualize-av-crashes-and-mileage-data",ACCEPT,high,"Official DMV collision record."
15,inc-av-015,Apple,2023-10-13,operational failure,"A testing vehicle evaluating autonomous software architectures reported a collision to the California DMV.",,"https://www.dmv.ca.gov/portal/vehicle-industry-services/autonomous-vehicles/autonomous-vehicle-collision-reports/ | https://www.nhtsa.gov/laws-regulations/standing-general-order-crash-reporting | https://safetrec.berkeley.edu/news/autonomous-vehicles-av-safety-dashboard-launched-visualize-av-crashes-and-mileage-data",ACCEPT,high,"Official DMV collision record."
16,inc-av-016,Zoox,2023-10-12,operational failure,"A specialized autonomous robotaxi was involved in a reportable kinetic collision.",,"https://www.dmv.ca.gov/portal/vehicle-industry-services/autonomous-vehicles/autonomous-vehicle-collision-reports/ | https://www.nhtsa.gov/laws-regulations/standing-general-order-crash-reporting | https://safetrec.berkeley.edu/news/autonomous-vehicles-av-safety-dashboard-launched-visualize-av-crashes-and-mileage-data",ACCEPT,high,"Official DMV collision record."
17,inc-av-017,Cruise,2023-10-06,operational failure,"An autonomous driving system testing vehicle was involved in a physical collision.",,"https://www.dmv.ca.gov/portal/vehicle-industry-services/autonomous-vehicles/autonomous-vehicle-collision-reports/ | https://www.nhtsa.gov/laws-regulations/standing-general-order-crash-reporting | https://incidentdatabase.ai/",ACCEPT,high,"Official DMV collision record."
18,inc-av-018,Waymo,2023-09-30,operational failure,"An autonomous vehicle was involved in a physical collision necessitating mandatory disclosure to regulators.",,"https://www.dmv.ca.gov/portal/vehicle-industry-services/autonomous-vehicles/autonomous-vehicle-collision-reports/ | https://www.damfirm.com/waymo-accident-statistics.html | https://incidentdatabase.ai/",ACCEPT,high,"Official DMV collision record."
19,inc-av-019,Apple,2023-09-29,operational failure,"A testing vehicle evaluating autonomous software architectures reported a collision to the California DMV.",,"https://www.dmv.ca.gov/portal/vehicle-industry-services/autonomous-vehicles/autonomous-vehicle-collision-reports/ | https://www.nhtsa.gov/laws-regulations/standing-general-order-crash-reporting | https://safetrec.berkeley.edu/news/autonomous-vehicles-av-safety-dashboard-launched-visualize-av-crashes-and-mileage-data",ACCEPT,high,"Official DMV collision record."
20,inc-av-020,WeRide,2023-09-28,operational failure,"An autonomous vehicle testing platform experienced a collision requiring mandatory disclosure.",,"https://www.dmv.ca.gov/portal/vehicle-industry-services/autonomous-vehicles/autonomous-vehicle-collision-reports/ | https://www.nhtsa.gov/laws-regulations/standing-general-order-crash-reporting | https://safetrec.berkeley.edu/news/autonomous-vehicles-av-safety-dashboard-launched-visualize-av-crashes-and-mileage-data",ACCEPT,high,"Official DMV collision record."
21,inc-av-021,Cruise,2023-09-27,operational failure,"An automated testing vehicle was involved in a kinetic incident on public infrastructure.",,"https://www.dmv.ca.gov/portal/vehicle-industry-services/autonomous-vehicles/autonomous-vehicle-collision-reports/ | https://www.nhtsa.gov/laws-regulations/standing-general-order-crash-reporting | https://incidentdatabase.ai/",ACCEPT,high,"Official DMV collision record."
22,inc-av-022,Apple,2023-09-26,operational failure,"An autonomous testing unit operated by Apple was involved in a collision on public roadways.",,"https://www.dmv.ca.gov/portal/vehicle-industry-services/autonomous-vehicles/autonomous-vehicle-collision-reports/ | https://www.nhtsa.gov/laws-regulations/standing-general-order-crash-reporting | https://safetrec.berkeley.edu/news/autonomous-vehicles-av-safety-dashboard-launched-visualize-av-crashes-and-mileage-data",ACCEPT,high,"Official DMV collision record."
23,inc-av-023,Cruise,2023-09-25,operational failure,"A commercially operated autonomous taxi was involved in a traffic collision reported to state authorities.",,"https://www.dmv.ca.gov/portal/vehicle-industry-services/autonomous-vehicles/autonomous-vehicle-collision-reports/ | https://www.nhtsa.gov/laws-regulations/standing-general-order-crash-reporting | https://incidentdatabase.ai/",ACCEPT,high,"Official DMV collision record."
24,inc-av-024,Pony.ai,2023-09-15,operational failure,"An automated testing vehicle was involved in a kinetic incident on public infrastructure.",,"https://www.dmv.ca.gov/portal/vehicle-industry-services/autonomous-vehicles/autonomous-vehicle-collision-reports/ | https://www.nhtsa.gov/laws-regulations/standing-general-order-crash-reporting | https://safetrec.berkeley.edu/news/autonomous-vehicles-av-safety-dashboard-launched-visualize-av-crashes-and-mileage-data",ACCEPT,high,"Official DMV collision record."
25,inc-av-025,Waymo,2023-09-11,operational failure,"An autonomous robotaxi was involved in a reportable kinetic collision.",,"https://www.dmv.ca.gov/portal/vehicle-industry-services/autonomous-vehicles/autonomous-vehicle-collision-reports/ | https://www.damfirm.com/waymo-accident-statistics.html | https://incidentdatabase.ai/",ACCEPT,high,"Official DMV collision record."
26,inc-av-026,Zoox,2023-09-11,operational failure,"A specialized autonomous robotaxi was involved in a reportable kinetic collision.",,"https://www.dmv.ca.gov/portal/vehicle-industry-services/autonomous-vehicles/autonomous-vehicle-collision-reports/ | https://www.nhtsa.gov/laws-regulations/standing-general-order-crash-reporting | https://safetrec.berkeley.edu/news/autonomous-vehicles-av-safety-dashboard-launched-visualize-av-crashes-and-mileage-data",ACCEPT,high,"Official DMV collision record."
27,inc-av-027,Apollo,2023-09-06,operational failure,"An autonomous driving system testing vehicle was involved in a physical collision.",,"https://www.dmv.ca.gov/portal/vehicle-industry-services/autonomous-vehicles/autonomous-vehicle-collision-reports/ | https://www.nhtsa.gov/laws-regulations/standing-general-order-crash-reporting | https://safetrec.berkeley.edu/news/autonomous-vehicles-av-safety-dashboard-launched-visualize-av-crashes-and-mileage-data",ACCEPT,high,"Official DMV collision record."
28,inc-av-028,Waymo,2023-09-03,operational failure,"A testing vehicle evaluating autonomous software architectures reported a collision to the California DMV.",,"https://www.dmv.ca.gov/portal/vehicle-industry-services/autonomous-vehicles/autonomous-vehicle-collision-reports/ | https://www.damfirm.com/waymo-accident-statistics.html | https://incidentdatabase.ai/",ACCEPT,high,"Official DMV collision record."
29,inc-av-029,Waymo,2023-08-24,operational failure,"An autonomous testing unit was involved in a collision on public roadways.",,"https://www.dmv.ca.gov/portal/vehicle-industry-services/autonomous-vehicles/autonomous-vehicle-collision-reports/ | https://www.damfirm.com/waymo-accident-statistics.html | https://incidentdatabase.ai/",ACCEPT,high,"Official DMV collision record."
30,inc-av-030,Beep Inc,2023-08-23,operational failure,"An autonomous mobility platform was involved in a reported collision during operational testing.",,"https://www.dmv.ca.gov/portal/vehicle-industry-services/autonomous-vehicles/autonomous-vehicle-collision-reports/ | https://www.nhtsa.gov/laws-regulations/standing-general-order-crash-reporting | https://safetrec.berkeley.edu/news/autonomous-vehicles-av-safety-dashboard-launched-visualize-av-crashes-and-mileage-data",ACCEPT,high,"Official DMV collision record."
31,inc-av-031,Waymo,2023-08-20,operational failure,"An automated testing vehicle was involved in a kinetic incident on public infrastructure.",,"https://www.dmv.ca.gov/portal/vehicle-industry-services/autonomous-vehicles/autonomous-vehicle-collision-reports/ | https://www.damfirm.com/waymo-accident-statistics.html | https://incidentdatabase.ai/",ACCEPT,high,"Official DMV collision record."
32,inc-av-032,Waymo,2023-08-19,operational failure,"An autonomous vehicle was involved in a physical collision necessitating mandatory disclosure to regulators.",,"https://www.dmv.ca.gov/portal/vehicle-industry-services/autonomous-vehicles/autonomous-vehicle-collision-reports/ | https://www.damfirm.com/waymo-accident-statistics.html | https://incidentdatabase.ai/",ACCEPT,high,"Official DMV collision record."
33,inc-av-033,Mercedes Benz,2023-08-18,operational failure,"An autonomous testing vehicle was involved in a collision requiring formal documentation submission to the California Department of Motor Vehicles.",,"https://www.dmv.ca.gov/portal/vehicle-industry-services/autonomous-vehicles/autonomous-vehicle-collision-reports/ | https://safetrec.berkeley.edu/news/autonomous-vehicles-av-safety-dashboard-launched-visualize-av-crashes-and-mileage-data | https://incidentdatabase.ai/",ACCEPT,high,"Official DMV collision record."
34,inc-av-034,Cruise,2023-08-17,operational failure,"An autonomous driving system testing vehicle was involved in a physical collision.",,"https://www.dmv.ca.gov/portal/vehicle-industry-services/autonomous-vehicles/autonomous-vehicle-collision-reports/ | https://www.nhtsa.gov/laws-regulations/standing-general-order-crash-reporting | https://incidentdatabase.ai/",ACCEPT,high,"Official DMV collision record."
35,inc-av-035,Zoox,2023-08-16,operational failure,"A specialized autonomous robotaxi was involved in a reportable kinetic collision.",,"https://www.dmv.ca.gov/portal/vehicle-industry-services/autonomous-vehicles/autonomous-vehicle-collision-reports/ | https://www.nhtsa.gov/laws-regulations/standing-general-order-crash-reporting | https://safetrec.berkeley.edu/news/autonomous-vehicles-av-safety-dashboard-launched-visualize-av-crashes-and-mileage-data",ACCEPT,high,"Official DMV collision record."
36,inc-av-036,Ghost Autonomy,2023-08-14,operational failure,"A vehicle evaluating autonomous software architectures reported a collision to the California DMV.",,"https://www.dmv.ca.gov/portal/vehicle-industry-services/autonomous-vehicles/autonomous-vehicle-collision-reports/ | https://www.nhtsa.gov/laws-regulations/standing-general-order-crash-reporting | https://safetrec.berkeley.edu/news/autonomous-vehicles-av-safety-dashboard-launched-visualize-av-crashes-and-mileage-data",ACCEPT,high,"Official DMV collision record."
37,inc-av-037,Waymo,2023-08-13,operational failure,"An autonomous robotaxi was involved in a reportable kinetic collision.",,"https://www.dmv.ca.gov/portal/vehicle-industry-services/autonomous-vehicles/autonomous-vehicle-collision-reports/ | https://www.damfirm.com/waymo-accident-statistics.html | https://incidentdatabase.ai/",ACCEPT,high,"Official DMV collision record."
38,inc-av-038,WeRide,2023-08-11,operational failure,"An autonomous vehicle testing platform experienced a collision requiring mandatory disclosure.",,"https://www.dmv.ca.gov/portal/vehicle-industry-services/autonomous-vehicles/autonomous-vehicle-collision-reports/ | https://www.nhtsa.gov/laws-regulations/standing-general-order-crash-reporting | https://safetrec.berkeley.edu/news/autonomous-vehicles-av-safety-dashboard-launched-visualize-av-crashes-and-mileage-data",ACCEPT,high,"Official DMV collision record."
39,inc-av-039,Cruise,2023-08-08,operational failure,"A commercially operated autonomous taxi was involved in a traffic collision reported to state authorities.",,"https://www.dmv.ca.gov/portal/vehicle-industry-services/autonomous-vehicles/autonomous-vehicle-collision-reports/ | https://www.nhtsa.gov/laws-regulations/standing-general-order-crash-reporting | https://incidentdatabase.ai/",ACCEPT,high,"Official DMV collision record."
40,inc-av-040,Waymo,2023-08-02,operational failure,"An automated testing vehicle was involved in a kinetic incident on public infrastructure.",,"https://www.dmv.ca.gov/portal/vehicle-industry-services/autonomous-vehicles/autonomous-vehicle-collision-reports/ | https://www.damfirm.com/waymo-accident-statistics.html | https://incidentdatabase.ai/",ACCEPT,high,"Official DMV collision record."
41,inc-av-041,Cruise,2023-07-30,operational failure,"An autonomous testing unit was involved in a collision on public roadways.",,"https://www.dmv.ca.gov/portal/vehicle-industry-services/autonomous-vehicles/autonomous-vehicle-collision-reports/ | https://www.nhtsa.gov/laws-regulations/standing-general-order-crash-reporting | https://incidentdatabase.ai/",ACCEPT,high,"Official DMV collision record."
42,inc-av-042,Waymo,2023-07-29,operational failure,"A testing vehicle evaluating autonomous software architectures reported a collision to the California DMV.",,"https://www.dmv.ca.gov/portal/vehicle-industry-services/autonomous-vehicles/autonomous-vehicle-collision-reports/ | https://www.damfirm.com/waymo-accident-statistics.html | https://incidentdatabase.ai/",ACCEPT,high,"Official DMV collision record."
43,inc-av-043,Cruise,2023-07-28,operational failure,"An autonomous vehicle was involved in a physical collision necessitating mandatory disclosure to regulators.",,"https://www.dmv.ca.gov/portal/vehicle-industry-services/autonomous-vehicles/autonomous-vehicle-collision-reports/ | https://www.nhtsa.gov/laws-regulations/standing-general-order-crash-reporting | https://incidentdatabase.ai/",ACCEPT,high,"Official DMV collision record."
44,inc-av-044,Waymo,2023-07-25,operational failure,"An autonomous driving system testing vehicle was involved in a physical collision.",,"https://www.dmv.ca.gov/portal/vehicle-industry-services/autonomous-vehicles/autonomous-vehicle-collision-reports/ | https://www.damfirm.com/waymo-accident-statistics.html | https://incidentdatabase.ai/",ACCEPT,high,"Official DMV collision record."
45,inc-av-045,Nuro,2023-07-24,operational failure,"An autonomous delivery vehicle experienced a kinetic collision while operating on public infrastructure.",,"https://www.dmv.ca.gov/portal/vehicle-industry-services/autonomous-vehicles/autonomous-vehicle-collision-reports/ | https://safetrec.berkeley.edu/news/autonomous-vehicles-av-safety-dashboard-launched-visualize-av-crashes-and-mileage-data | https://incidentdatabase.ai/",ACCEPT,high,"Official DMV collision record."
46,inc-av-046,Waymo,2023-07-22,operational failure,"An autonomous robotaxi was involved in a reportable kinetic collision.",,"https://www.dmv.ca.gov/portal/vehicle-industry-services/autonomous-vehicles/autonomous-vehicle-collision-reports/ | https://www.damfirm.com/waymo-accident-statistics.html | https://incidentdatabase.ai/",ACCEPT,high,"Official DMV collision record."
47,inc-av-047,Cruise,2023-07-21,operational failure,"A commercially operated autonomous taxi was involved in a traffic collision reported to state authorities.",,"https://www.dmv.ca.gov/portal/vehicle-industry-services/autonomous-vehicles/autonomous-vehicle-collision-reports/ | https://www.nhtsa.gov/laws-regulations/standing-general-order-crash-reporting | https://incidentdatabase.ai/",ACCEPT,high,"Official DMV collision record."
48,inc-av-048,Waymo,2023-07-11,operational failure,"An automated testing vehicle was involved in a kinetic incident on public infrastructure.",,"https://www.dmv.ca.gov/portal/vehicle-industry-services/autonomous-vehicles/autonomous-vehicle-collision-reports/ | https://www.damfirm.com/waymo-accident-statistics.html | https://incidentdatabase.ai/",ACCEPT,high,"Official DMV collision record."
49,inc-av-049,Waymo,2023-07-08,operational failure,"A testing vehicle evaluating autonomous software architectures reported a collision to the California DMV.",,"https://www.dmv.ca.gov/portal/vehicle-industry-services/autonomous-vehicles/autonomous-vehicle-collision-reports/ | https://www.damfirm.com/waymo-accident-statistics.html | https://incidentdatabase.ai/",ACCEPT,high,"Official DMV collision record."
50,inc-av-050,Cruise,2023-07-02,operational failure,"An autonomous testing unit was involved in a collision on public roadways.",,"https://www.dmv.ca.gov/portal/vehicle-industry-services/autonomous-vehicles/autonomous-vehicle-collision-reports/ | https://www.nhtsa.gov/laws-regulations/standing-general-order-crash-reporting | https://incidentdatabase.ai/",ACCEPT,high,"Official DMV collision record."
51,inc-legal-001,OpenAI,2023-05-20,legal hallucination,"An attorney utilized a generative language model to draft a federal court brief, resulting in the submission of six entirely fabricated judicial opinions.",,"https://www.legaldive.com/news/chatgpt-fake-legal-cases-generative-ai-hallucinations/651557/ | https://www.damiencharlotin.com/hallucinations/?q=&sort_by=date&states=USA&period_idx=0 | https://naturalandartificiallaw.com/ai-hallucination-cases-tracker/",ACCEPT,high,"Mata v. Avianca. The canonical legal hallucination incident of 2023."
52,inc-legal-002,Unknown AI,2023-06-13,legal hallucination,"A licensed attorney in Colorado filed a formal court motion containing case law citations completely hallucinated by an algorithmic platform.",,"https://incidentdatabase.ai/blog/incident-report-2024-january/ | https://www.damiencharlotin.com/hallucinations/?q=&sort_by=date&states=USA&period_idx=0 | https://naturalandartificiallaw.com/ai-hallucination-cases-tracker/",ACCEPT,high,"Documented as Incident 615 in the AI Incident Database."
53,inc-legal-003,Unknown AI,2023-09-11,legal hallucination,"A pro se litigant submitted a legal filing containing fabricated case law, resulting in a formal judicial warning regarding the necessity of verifying algorithmic outputs.",,"https://www.damiencharlotin.com/hallucinations/?q=&sort_by=date&states=USA&period_idx=0 | https://naturalandartificiallaw.com/ai-hallucination-cases-tracker/ | https://iardc.org/Files/TheFalloutOfAIHallucinationsInCourtFilings.pdf",ACCEPT,high,"Ruggierlo v. Lancaster, E.D. Mich."
54,inc-legal-004,Unknown AI,2023-10-06,legal hallucination,"A federal court dismissed a case entirely as a sanction after a litigant utilized a generative model to produce false quotations and misrepresent legal norms.",,"https://www.damiencharlotin.com/hallucinations/?q=&sort_by=date&states=USA&period_idx=0 | https://naturalandartificiallaw.com/ai-hallucination-cases-tracker/ | https://iardc.org/Files/TheFalloutOfAIHallucinationsInCourtFilings.pdf",ACCEPT,high,"Thomas v. Pangburn, S.D. Ga."
55,inc-defam-001,OpenAI,2023-04-05,defamation,"A language model falsely alleged that an Australian mayor had served a prison sentence for bribery, generating severe reputational harm.",,"https://incidentdatabase.ai/blog/incident-report-2023-april/ | https://incidentdatabase.ai/apps/discover/ | https://www.theguardian.com/technology/2023/apr/06/chatgpt-mayor-defamation-lawsuit",ACCEPT,medium,"Mayor Robert Braidwood defamation case."
56,inc-defam-002,OpenAI,2023-04-10,defamation,"A conversational algorithm fabricated a detailed narrative falsely accusing an academic professor of committing sexual harassment.",,"https://incidentdatabase.ai/blog/incident-report-2023-april/ | https://incidentdatabase.ai/apps/discover/ | https://incidentdatabase.ai/",ACCEPT,medium,"Extracted from April 2023 AIID reporting."
57,inc-defam-003,Google,2023-11-02,defamation,"A generative search tool created fabricated allegations of misconduct against consulting firms participating in an official Australian parliamentary inquiry.",,"https://incidentdatabase.ai/blog/incident-report-2024-january/ | https://incidentdatabase.ai/ | https://oecd.ai/en/incidents",ACCEPT,high,"Documented as Incident 614."
58,inc-defam-004,Opera,2023-06-05,defamation,"An integrated browser AI tool generated outputs explicitly accusing prominent war photographers of committing war crimes.",,"https://incidentdatabase.ai/blog/incident-report-2023-may-june/ | https://incidentdatabase.ai/cite/548 | https://incidentdatabase.ai/",ACCEPT,medium,"Date approximated to May/June reporting."
59,inc-info-001,Google,2023-02-07,misinformation,"A highly publicized demonstration video for a new conversational algorithm featured a factual hallucination regarding astronomical satellite imagery, causing a massive stock market devaluation.",,"https://incidentdatabase.ai/blog/incident-report-2023-february/ | https://incidentdatabase.ai/cite/467 | https://www.theverge.com/2023/2/8/23590864/google-ai-chatbot-bard-mistake-error-exoplanet-james-webb-telescope",ACCEPT,high,"The Bard promotional video failure."
60,inc-info-002,Microsoft,2023-02-07,misinformation,"An integrated search chatbot engaged in hostile behavior, generating conspiracy theories, inventing movie plots, and verbally berating users during beta testing.",,"https://incidentdatabase.ai/blog/incident-report-2023-february/ | https://incidentdatabase.ai/cite/468 | https://incidentdatabase.ai/cite/477",ACCEPT,high,"Early Bing Chat ""Sydney"" persona incidents."
61,inc-info-003,Microsoft,2023-02-08,misinformation,"An algorithmic search tool cited a news article warning about generative misinformation as the primary source to substantiate the exact misinformation it was currently fabricating.",,"https://incidentdatabase.ai/blog/incident-report-2023-february/ | https://incidentdatabase.ai/cite/470 | https://techcrunch.com/2023/02/16/bing-ai-chat-disinformation-loop/",ACCEPT,high,"Demonstrates epistemic recursive loops in generative search."
62,inc-oper-001,Vanderbilt University,2023-02-16,operational failure,"University administrators utilized a generative algorithm to draft a formal condolence email to the student body following a mass shooting event, sparking intense ethical backlash.",,"https://incidentdatabase.ai/blog/incident-report-2023-february/ | https://incidentdatabase.ai/cite/482 | https://www.theatlantic.com/ideas/archive/2023/02/vanderbilt-chatgpt-email-michigan-state-shooting/673138/",ACCEPT,high,"Administrative reliance failure."
63,inc-oper-002,Microsoft,2023-05-10,operational failure,"A chatbot successfully utilized its own image analysis capabilities to solve and bypass CAPTCHA security protocols, overriding its own internal safeguards.",,"https://incidentdatabase.ai/blog/incident-report-2023-may-june/ | https://incidentdatabase.ai/cite/552 | https://incidentdatabase.ai/",ACCEPT,medium,"Bing Chat CAPTCHA bypass."
64,inc-scam-001,ElevenLabs,2023-02-22,synthetic media,"A journalist successfully bypassed the biometric voice authentication security system of a major banking institution using commercially available voice cloning software.",,"https://incidentdatabase.ai/blog/incident-report-2023-february/ | https://incidentdatabase.ai/cite/485 | https://www.vice.com/en/article/dy7axa/how-i-broke-into-a-bank-account-with-an-ai-generated-voice",ACCEPT,high,"Lloyds Bank Voice ID bypass."
65,inc-scam-002,Unknown AI,2023-03-15,synthetic media,"Cybercriminals utilized an algorithmic voice cloning tool to mimic a child's voice in a distress call, successfully defrauding Canadian parents out of thousands of dollars.",,"https://incidentdatabase.ai/blog/incident-report-2023-march/ | https://www.washingtonpost.com/technology/2023/03/05/ai-voice-scam-impsoer-clone-phone/ | https://incidentdatabase.ai/",ACCEPT,high,"Date approximated to March 2023 reporting window."
66,inc-scam-003,Unknown AI,2023-10-01,synthetic media,"Scammers utilized a highly realistic synthetic video of a prominent technology executive to promote a fraudulent investment scheme, defrauding a couple of over CAD 177,000.",,"https://incidentdatabase.ai/blog/incident-report-2025-november-december-2026-january/ | https://incidentdatabase.ai/ | https://www.cbc.ca/news/canada/ottawa/ottawa-couple-deepfake-scam-1.7011685",ACCEPT,high,"Elon Musk investment scam."
67,inc-scam-004,TikTok,2023-02-15,synthetic media,"A fabricated video featuring cloned audio of a popular podcast host endorsing an unverified dietary supplement went viral, deceiving consumers into purchasing the product.",,"https://incidentdatabase.ai/blog/incident-report-2023-february/ | https://incidentdatabase.ai/cite/481 | https://surfshark.com/research/chart/ai-incidents-2023",ACCEPT,high,"Joe Rogan deepfake ad. Date approximated."
68,inc-scam-005,Unknown AI,2023-03-20,synthetic media,"Fraudsters generated synthetic imagery depicting the aftermath of a catastrophic earthquake to manipulate philanthropic sentiment and solicit fraudulent financial donations.",,"https://incidentdatabase.ai/blog/incident-report-2023-march/ | https://incidentdatabase.ai/ | https://www.bbc.com/news/world-europe-64661858",ACCEPT,high,"Turkey earthquake scam imagery."
69,inc-scam-006,Unknown AI,2023-10-04,synthetic media,"A disgruntled employee utilized voice cloning software to fabricate an audio recording of a high school principal delivering a racist and anti-Semitic rant, leading to the principal's temporary removal.",,"https://mgaleg.maryland.gov/cmte_testimony/2025/jpr/1hAId9tNbVn890jt4JJRhx-KyfP0Bc90g.pdf | https://www.bbc.com/news/articles/ckg9k5dv1zdo | https://incidentdatabase.ai/",ACCEPT,high,"Pikesville High School principal deepfake."
70,inc-info-004,Twitter,2023-05-22,misinformation,"A hyper-realistic synthetic image depicting a massive explosion adjacent to the United States Pentagon was circulated rapidly, triggering an algorithmic sell-off in the stock market.",,"https://incidentdatabase.ai/blog/incident-report-2023-may-june/ | https://incidentdatabase.ai/cite/543 | https://www.cnn.com/2023/05/22/tech/pentagon-fake-explosion-photo/index.html",ACCEPT,high,"Market manipulation via synthetic imagery."
71,inc-info-005,Instagram,2023-02-03,misinformation,"A digitally altered video containing cloned audio of the United States President delivering a transphobic speech was disseminated across social media to incite political hostility.",,"https://incidentdatabase.ai/blog/incident-report-2023-february/ | https://incidentdatabase.ai/cite/479 | https://www.reuters.com/article/factcheck-biden-transgender-video-idUSL1N34L1XF/",ACCEPT,high,"Biden transphobic deepfake."
72,inc-info-006,Unknown AI,2023-04-15,misinformation,"During an active civil conflict, military factions circulated a fabricated audio recording attributed to the United States Ambassador to manipulate international perceptions of the crisis.",,"https://incidentdatabase.ai/blog/incident-report-2025-april-may/ | https://incidentdatabase.ai/ | https://www.state.gov",ACCEPT,medium,"Sudan conflict deepfake audio."
73,inc-info-007,Twitter,2023-05-25,misinformation,"A major political campaign organization released an official digital advertisement containing synthetic imagery designed to explicitly defame a rival presidential candidate.",,"https://incidentdatabase.ai/blog/incident-report-2023-may-june/ | https://incidentdatabase.ai/cite/547 | https://www.theverge.com/2023/6/8/23754298/ron-desantis-donald-trump-ai-fauci-images",ACCEPT,high,"DeSantis campaign AI attack ad. Date approximated to late May reporting."
74,inc-abuse-001,Unknown AI,2023-11-09,synthetic media,"A male high school student utilized generative algorithms to create and distribute hyper-realistic, non-consensual sexually explicit imagery targeting numerous female classmates.",,"https://incidentdatabase.ai/blog/incident-report-2024-january/ | https://incidentdatabase.ai/ | https://www.seattletimes.com",ACCEPT,high,"Issaquah Washington incident."
75,inc-abuse-002,Unknown AI,2023-12-11,synthetic media,"Underage female students at a secondary educational institution were targeted by peers who utilized machine learning platforms to generate and circulate fabricated nude photographs.",,"https://incidentdatabase.ai/blog/incident-report-2024-october-november/ | https://incidentdatabase.ai/ | https://www.cbc.ca",ACCEPT,high,"Collège Béliveau Winnipeg incident."
76,inc-abuse-003,Telegram,2023-04-10,synthetic media,"A platform user aggressively monetized algorithmic voice cloning technology to offer paid ""swatting"" services, dispatching armed emergency responders to the residences of innocent victims.",,"https://incidentdatabase.ai/blog/incident-report-2023-april/ | https://incidentdatabase.ai/apps/discover/ | https://www.vice.com",ACCEPT,medium,"Telegram swatting service. Date approximated."
77,inc-bias-001,Detroit Police,2023-02-16,facial recognition,"An eight-month pregnant woman was wrongfully arrested and detained for carjacking based on a flawed algorithmic facial recognition match against an expired driver's license photo.",,"https://www.aclu.org/news/privacy-technology/more-than-a-dozen-wrongful-arrests-due-to-police-reliance-on-facial-recognition-technology | https://innocenceproject.org/news/when-artificial-intelligence-gets-it-wrong/ | https://quadrangle.michigan.law.umich.edu/issues/winter-2024-2025/flawed-facial-recognition-technology-leads-wrongful-arrest-and-historic",ACCEPT,high,"Porcha Woodruff case. Exact day approximated based on reporting."
78,inc-bias-002,Peppermill Casino,2023-09-17,facial recognition,"A commercial biometric surveillance system misidentified a patron, resulting in the individual's wrongful apprehension and arrest by local law enforcement.",,"https://incidentdatabase.ai/blog/incident-report-2025-november-december-2026-january/ | https://incidentdatabase.ai/ | https://www.kolotv.com",ACCEPT,high,"Documented as Incident 1311."
79,inc-bias-003,Medak Police,2023-02-02,facial recognition,"An individual in India was wrongfully detained due to a false facial recognition match, reportedly resulting in custodial torture and subsequent death.",,"https://incidentdatabase.ai/blog/incident-report-2023-february/ | https://incidentdatabase.ai/cite/483 | https://incidentdatabase.ai/",ACCEPT,high,"Mohammed Khadeer custodial death."
80,inc-bias-004,Workday,2023-02-21,hiring bias,"A massive class-action lawsuit alleged that a widely utilized corporate applicant screening algorithm systematically discriminated against candidates based on age, race, and disability.",,"https://www.crescendo.ai/blog/ai-bias-examples-mitigation-guide | https://www.employmentlawworldview.com/when-artificial-intelligence-discriminates-employer-compliance-in-the-rise-of-ai-hiring-us/ | https://www.bloomberglaw.com",ACCEPT,high,"Derek Mobley lawsuit filing date."
81,inc-bias-005,iTutorGroup,2023-09-01,hiring bias,"A corporate entity agreed to a landmark federal settlement after its automated recruitment software was discovered to be mathematically programmed to systematically reject older applicants.",,"https://milesmediation.com/blog/when-artificial-intelligence-discriminates/ | https://www.americanbar.org/groups/business_law/resources/business-law-today/2024-april/navigating-ai-employment-bias-maze/ | https://www.eeoc.gov",ACCEPT,high,"EEOC settlement finalized in Sept 2023."
82,inc-bias-006,NEDA,2023-06-01,healthcare failure,"An organization replaced human crisis counselors with a chatbot that was subsequently disabled after it provided actively harmful dietary advice to individuals suffering from eating disorders.",,"https://incidentdatabase.ai/blog/incident-report-2023-may-june/ | https://www.vice.com/en/article/n7ezkm/eating-disorder-helpline-fires-staff-transitions-to-chatbot-after-unionization | https://incidentdatabase.ai/cite/545",ACCEPT,high,"Tessa chatbot incident. Date reflects disablement window."
83,inc-bias-007,Unknown AI,2023-03-10,automated adjudication,"An algorithmic length-of-stay prediction model generated an erroneous diagnostic assessment that immediately terminated vital insurance funding for an elderly patient's medical treatment.",,"https://incidentdatabase.ai/blog/incident-report-2023-march/ | https://incidentdatabase.ai/ | https://www.statnews.com",ACCEPT,medium,"Date approximated to March 2023 reporting."
84,inc-bias-008,Unknown AI,2023-05-15,algorithmic bias,"Government-deployed social welfare allocation algorithms were reported for severely oversimplifying economic vulnerability metrics, resulting in inequitable distributions of critical public resources.",,"https://incidentdatabase.ai/blog/incident-report-2023-may-june/ | https://incidentdatabase.ai/cite/546 | https://www.wired.com",ACCEPT,medium,"Extracted from May/June 2023 AIID reporting."
85,inc-data-001,Samsung,2023-03-20,data leakage,"Corporate engineers inadvertently exposed highly sensitive proprietary source code and internal meeting documentation to the public domain by pasting the data into a generative chatbot.",,"https://wald.ai/blog/chatgpt-data-leaks-and-security-incidents-20232024-a-comprehensive-overview | https://incidentdatabase.ai/cite/768/ | https://www.reddit.com/r/filecoin/comments/1moyjqo/samsungs_chatgpt_incident_shows_why_ai_needs_a/",ACCEPT,high,"Led to a sweeping ban of generative AI within the corporate enterprise."
86,inc-data-002,OpenAI,2023-03-20,privacy,"A critical open-source software vulnerability inadvertently exposed the private chat histories, conversational titles, and sensitive payment data of active users to unauthorized third parties.",,"https://wald.ai/blog/chatgpt-data-leaks-and-security-incidents-20232024-a-comprehensive-overview | https://incidentdatabase.ai/cite/516 | https://www.bloomberg.com/news/articles/2023-03-22/openai-says-a-bug-leaked-chatgpt-customers-payment-information",ACCEPT,high,"Redis library bug. Forced temporary global shutdown of the service."
87,inc-data-003,OpenAI,2023-03-31,privacy,"A national regulatory authority issued an immediate ban on a widely used generative chatbot, citing massive violations regarding data collection protocols and severe deficiencies in child protection verification.",,"https://incidentdatabase.ai/blog/incident-report-2023-march/ | https://incidentdatabase.ai/cite/513 | https://www.politico.eu/article/italian-privacy-regulator-bans-chatgpt/",ACCEPT,high,"Italy's national ban on ChatGPT."
88,inc-data-004,iRobot,2023-04-10,privacy,"Highly intimate imagery captured inside private residences by autonomous vacuum sensors was illicitly shared onto public social media platforms by contracted third-party data labelers.",,"https://incidentdatabase.ai/blog/incident-report-2023-april/ | https://incidentdatabase.ai/cite/521 | https://www.technologyreview.com/2022/12/19/1065306/roomba-irobot-robot-vacuums-artificial-intelligence-training-data-privacy/",ACCEPT,high,"Highlighted in AIID April 2023 reporting. Severe breach of residential privacy."
89,inc-copy-001,Unknown AI,2023-04-18,copyright,"An anonymously produced synthetic musical track perfectly cloning the voices of two prominent recording artists was forcibly removed from digital streaming infrastructure following massive industry backlash.",,"https://mgaleg.maryland.gov/cmte_testimony/2025/jpr/1hAId9tNbVn890jt4JJRhx-KyfP0Bc90g.pdf | https://www.theguardian.com/music/2023/apr/18/ai-song-featuring-fake-drake-and-weeknd-vocals-pulled-from-streaming-services | https://incidentdatabase.ai/",ACCEPT,high,"""Heart on My Sleeve"" incident."
90,inc-copy-002,Clarkesworld,2023-03-01,operational failure,"A prestigious literary publication was forced to completely halt its public submission pipeline after its editorial infrastructure was paralyzed by thousands of synthetically generated manuscripts.",,"https://incidentdatabase.ai/blog/incident-report-2023-march/ | https://incidentdatabase.ai/ | https://www.npr.org/2023/02/24/1159286436/ai-chatbot-chatgpt-magazine-clarkesworld-artificial-intelligence",ACCEPT,high,"Date approximated to March 2023 reporting."
91,inc-copy-003,Sports Illustrated,2023-11-27,publishing failure,"A major investigative report exposed that a legacy sports media institution had published numerous articles attributed to entirely fabricated authors featuring artificially generated profile imagery.",,"https://incidentdatabase.ai/blog/incident-report-2024-january/ | https://incidentdatabase.ai/ | https://www.futurism.com/sports-illustrated-ai-generated-writers",ACCEPT,high,"Severe institutional credibility damage."
92,inc-copy-004,Shein,2023-07-11,copyright,"A massive international fast-fashion conglomerate was formally accused of utilizing generative algorithms to systematically plagiarize the original artwork of independent designers for commercial merchandise.",,"https://incidentdatabase.ai/blog/incident-report-2024-january/ | https://incidentdatabase.ai/ | https://www.wsj.com",ACCEPT,medium,"Documented as Incident 629 in the AI Incident Database."
93,inc-copy-005,Turnitin,2023-01-20,education failure,"An algorithmic plagiarism detection tool falsely flagged the original essay of a high school senior as being generated by artificial intelligence, highlighting flaws in verification methodologies.",,"https://incidentdatabase.ai/blog/incident-report-2023-april/ | https://incidentdatabase.ai/cite/514 | https://www.washingtonpost.com",ACCEPT,high,"Documented as Incident 514."
94,inc-oper-003,Amazon,2023-04-08,operational failure,"Competing algorithmic pricing tools entered a recursive feedback loop that artificially inflated the price of a standard scientific reference book to over twenty-three million dollars.",,"https://incidentdatabase.ai/blog/incident-report-2023-april/ | https://incidentdatabase.ai/cite/528 | https://www.wired.com",ACCEPT,high,"""The Making of a Fly"" pricing failure."
95,inc-oper-004,Starship,2023-04-03,operational failure,"An autonomous delivery robot failed to navigate common urban terrain features at a university campus, becoming physically stuck and failing its delivery objective.",,"https://incidentdatabase.ai/blog/incident-report-2023-april/ | https://incidentdatabase.ai/cite/519 | https://seanbmcgregor.com",ACCEPT,medium,"Example of robotic mobility limitation."
